Nomor Putusan,Nama Terdakwa 1,Nama Terdakwa 2,Nama Terdakwa 3,Tuntutan Pidana,Tuntutan KUHP,Tuntukan Hukuman,Putusan Pidana,Putusan Hukuman,Tanggal Putusan,Hakim Ketua,Hakim Anggota1,Hakim Anggota2,Panitera,Penuntut Umum
1001/pid.b/2015/pnjkt.tim.,"pencurian,",pasal 363 ayat (1) ke-4 kuhp,1 (satu) tahun 3 (tiga) bulan,pencurian dengan pemberatan;,1 (satu) tahun;,20 oktober 2015,"porman situmorang, s.h.,m.h.","bhaskara praba bharata, s.h","eris sudjarwanto, s.h.,m.h.","ina susilayanty, s.h.","dessy pasrawati, s.h.,m.h."
101/pid.b/2015/pnjak.tim., eko hartanto alias jawir ;,,,a,pasal 365 ayaat (2) ke - 2 kuhp,2 (dua) tahun,: pencurian dengan kekerasan ;,: 1 (satu) tahun dan 6 (enam) bulan ;,23 pebruari 2015,"satriyo budiyono,sh,m.hum.,","bontor aroean,sh.,mh","dwi purwadi,sh.mh.,","lely suciati,sh","asry r. purwaningsih,sh"
1033/pid.b/2015/pnjkt.tim., kasmuri.,,,pencurian dengan pemberatan,pasal 363 ayat (1) ke-3 dan ke-5 kuhp,"1 (satu) tahun dan 6 (enam) bulan ,",pencurian dalam keadaan memberatkan ;,1 (satu) tahun ;,03 nopember 2012," eris sudjarwanto. s.h., m.h,","porman situmorang.s.h.,m.h,",bhaskara praba bharata.s.h,ina susilayanti. s.h.,".m.ikhsan. sh,"
1045/pid.b/2017/pn.jkt.tim, andri priantono bin tarsono,,,pencurian sebagaimana diatur dan diancam pidana dalam pasal 362 kuhp,pasal 362 kuhp,1 (satu) tahun dan 8 (delapan) bulan,pencurian;,1 (satu) tahun dan 3 (tiga) bulan;,05 desember 2017,"t.m. limbong, s.h.","tirolan nainggolan, sh.mh.,","khadwanto, sh.,","tarmudi, s.h. selaku","oleh, frengki wibowo, sh.,mh.,"
1064/pid.b/2015/pn.jkt.tim, suherman alias ahmad maulana alias maco,,,pencurian melanggar pasal 362 kuhp;,pasal 362 kuhp,: 1 (satu) tahun dan 6 (enam) bulan, pencurian ;----------------------------,1 (satu) tahun ;---------------------------------------------------------------------------------------,19 november 2015,"kami, maurid sinaga, sh.mhum.","h. abdul bari a. rahim, sh.mh.,","nelson japasar marbun,sh.mhum.",hj.purwati hazimah.sh.,"wisnu andhika,sh.mh."
1107/pid.b/2015/pn.jkt.tim., efri purwanto,,,pencurian dengan pemberatan,pasal 363 ayat (1)ke-4 kuhp,1 (satu) tahun 6 (enam) bulan,pencurian dalam keadaan memberatkan ;,1 (satu) tahun dan 6 (enam) bulan;,10 desember 2012," bhaskara p. bharata, s.h.,","porman situmorang, s.h., m.h.","eris sudjarwanto, s.h., m.h.,","achmad nurjaman, s.h., m.h.,","aria budi seta, s.h."
1112/pid.b/2014/pn.jkt.tim., apip ali budianto alias apin alias alvin ;,,,pencurian,pasal 362 kuhp,1 (satu ) tahun dan 6 (enam) bulan,pencurian ,1 ( satu) tahun dan 2 (dua ) bulan ;,7 januari 2015," barmen sinurat,sh.mh,",ramli rizal.sh.mh.,"rukman hadi.sh.msi ,",suminarmi.sh.,swartin polembi.sh.mh
1134/pid.b/2015/pnjkt.tim., suni alamsah bin melinting.,,,pencurian yang dilakukan secara bersama-sama perbarengan beberapa perbuatan yang dipandang sebagai perbuatan yang merupakan keejahatan  melanggar pasal 363 ayat (1) ke-4 kuhp jo pasal 65 ayat (1) kuhp;,pasal 363 ayat (1) ke-4 kuhp jo pasal 65 ayat (1) kuhp,"3 (tiga) tahun dan 6 (enam) bulan ,", pencurian dalam keadaan memberatkan ;,3 (tiga) tahun dan 6 (enam) bulan ;,08 desember 2015,"kami eris sudjarwanto, s.h., m.h,","porman situmorang, s.h., m.h.","bhaskara praba bharata, s.h.,","achmad nurjaman, s.h., m.h.,","supriyanto, s.h.,"
1136/pid.b/2017/pn.jkt.tim,"pencurian dengan pemberatan sebagaimana dimaksud dalam pasal 363 ayat (1) ke-3, ke- 4 dan ke- 5 kuhp,","pasal 363 ayat (1) ke-3, ke- 4 dan ke- 5 kuhp",2 (dua) tahun dan 6 (enam) bulan,pencurian dalam keadaan memberatkan,2 (dua) tahun;-------------------------------------------------------------------------------
1137/pid.b/2015/ pnjkt.tim.,    indra chandra setiawan bin samsul bahri,,,"pencurian dalam keadaan memberatkan,","pasal 363 ayat (1) dan ayat (2) ke 4,5 jo pasal 64 ayat (1) kuhp",2 (dua) tahun, pencurian dalam keadaan memberatkan  ;,1 (satu) tahun dan 2 ( dua ) bulan ;
1138/pid.b/2014/pn.jkt.tim.,, pencurian dengan kekerasan ,"pasal 365 ayat (1), (2), ke - 2 e kuhp",2 (dau) tahun,: pencurian dengan kekerasan ;,: 1 (satu) tahun dan 10 (sepuluh) bulan ;,27 januari 2015,"satriyo budiyono,sh,m.hum.,","ida marion,sh.,mh.,","sabarulina boru ginting,sh.mh.,","lely suciati,sh","aria budi seta,sh"
1167/pid.b/2015/ pn.jkt.tim,pencurian dengan pemberatan dalam dakwaan,pasal 363 ayat (1) ke-4 & ke-5 kuhp jo. pasal 65 ayat (1) kuhp, rendi alias buyung,,,"4 (empat) tahun,",pencurian dengan pemberatan’’;,3 (tiga) tahun;
1169/pid.b/2015/pn. jkt. tim, abdulloh hakim alias hakim,,,pencurian dengan pemberatan dalam dakwaan,pasal 363 ayat (1) ke-4 dan ke-5 kuhp jo pasal 65 ayat (1) kuhp,4 (empat) tahun,pencurian dalam keadaan memberatkan;-------------------------------------------------------------------,2 (dua) tahun;-----------------------------------------------------------------------
1245/pid.b/2015/ pnjkt.tim., krisna, ricky,,secara bersama-sama mengambil barang sesuatu yang seluruhnya atau sebagian kepunyaan orang lain dengan maksud untuk memiliki secara melawan hukum sebagaimana diatur dan diancam pidana dalam pasal 363 ayat (1) ke 4 kuhp,pasal 363 ayat (1) ke 4 kuhp,1 (satu) tahun
1248/pid.b/2015/pn.jkt.tim., darli bin darkim., h.ikin solihin bin. h.sukardi., usnan als kumed bin casmita.,pencurian dengan pemberatan,"pasal 363 ayat (1) ke-3, 4, 5 kuhp","5 (lima) tahun,", pencurian dalam keadaan memberatkan,4 (empat) tahun dan 6 (enam) bulan ;,14 januari 2016," eris sudjarwanto.s.h..m.h,","porman situmorang.s.h..m.h,",asban panjaitan.s.h..m.h,ina susilayanti. s.h.,".irene widyaningrum. s.h,"
1250/pid.b/2015/ pnjkt.tim., vifen irmandra jaya, supriyadi,, pencurian dalam pemberatan sebagaimana diatur dan diancam pidana dalam pasal 363 ayat (1) ke 4 kuhp,pasal 363 ayat (1) ke 4 kuhp,1 (satu) tahun 6 (enam) bulan penjara, pencurian dalam keadaan memberatkan  ;,1 (satu) tahun dan 2 ( dua ) bulan ;
1271/pid.b/2013/ pn jkt.tim,pencurian dengan pemberatan,pasal 363 ayat 1 ke-3 dan ke-5 kuhp,1 (satu) 6 (enam) bulan penjara, gunung sugeng sujayanto bin sumitro; ,,,pencurian dengan pemberatan;,1 (satu) tahun ;,12 januari 2015," ramly rizal,s.h.,m.h","serta barmen sinurat,s.h.,","rukman hadi, s.h.m.si","ina susilayanti, s.h.,","b. tanti hoesodo,s.h."
1290/pid.b/2015/pn.jkt.tim.,pencurian dalam keadaan memberatkan,pasal 363 ayat 1 ke-3 dan 5 kuhp,1 (satu) tahun 6 (enam) bulan,pencurian dalam keadaan memberatkan,1 (satu) tahun 3 (tiga) bulan;,6 januari 2016," elpiter sianipar, s.h.,","novrry tammy oroh, s.h., m.h.,","endang sriastining w, s.h.,","wijatmoko, s.h.,","tri hariyatun, sh.,"
12/pid.b/2015/pnjkt.tim., agus gustiawan, ressen marulitua alias botel,, pencurian dengan kekerasan yang dilakukan secara bersama-sama ,pasal 365 ayat (1) dan ayat (2) ke-1 dan ke-2 kuhp,3 (tiga) tahun,pencurian dengan kekerasan yang dilakukan secara bersama-sama,3 (tiga) tahun ;,04 maret 2015,"kami rukman hadi, s.h.,m.si.,","barmen sinurat, s.h.,m.h.,","ramli rizal, s.h.,m.h.,","slamet hidayat, s.h.,","oleh trees juniarti, s.h.,"
1349/pid.b/2014/pn.jkt.tim, nasehatul khasanah als mima ;,,,pencurian dengan pemberatan dalam dakwaan,,5(lima) tahun, pencurian dalam keadaan memberatkan  ;,3 (tiga) tahun ;
161/pid.b/2015/pnjkt.tim, eko nur prianto.,,,pencurian dengan pemberatan,pasal 363 (1) ke 4 kuhp,2 (dua) tahun,pencurian dalam keadaan memberatkan ;,1 (satu) tahun 8 (delapan) bulan ;,24 maret 2015,"h. abdul bari a.rahim, h.mh.","hasiamah distiyawati, sh.mh.","maurid sinaga, sh.mh.",hj.purwati hazimah.sh.,"dessy pasrawati, sh.mh."
181/pid.b/2016/pnjkt.tim., trisna gom gom nababan;,,,pencurian dengan pemberatan yang dilakukan lebih dari dua orang,pasal 363 ayat (1) ke-4 kuhp,1(satu) tahun 6(enam) bulan,pencurian dengan pemberatan,1 (satu) tahun 2 (dua) bulan ;,14 maret 2016,"antonius simbolon, sh., mh.,","ramlan, sh., mh.,","sarwedi, sh., mh.,","irsyaf lubis, sh.,","lince gultom, sh., mh.,"
222/pid.b/2016/pn.jkt.tim., kusnadi alias engkus alias adi bin maman; , didi supriyadi;,,pencurian dengan pemberatan dalam dakwaan,pasal 363 ayat (1) ke-4 & ke-5 kuhp,5 (lima) tahun,pencurian dengan pemberatan ;,4 empat) tahun ;,13 april 2016,"novrry tam my oroh, s.h., m.h.,","endang sriastining w, s.h.,","elpiter sianipar, s.h.,","wijatmoko, s.h.,","lina hendraswari, s.h.,"
227/pid.b/2016/pn. jkt.tim, luba bulfikar als luba bin salman lafarizi,,,percobaan pencurian dengan pemberatan ;,,2 (dua) tahun,percobaan pencurian dalam keadaan memberatkan ;,1 (satu) tahun 3 (tiga) bulan ;,07 april 2016,"porman situmorang, s.h.,m.h.","eris sudjarwanto, s.h.,m.h.","gede ariawan, s.h.,m.h","ina susilayanti, s.h.","jekson marpaung, s .h."
231/pid.b/2015/pn.jkt.tim, haryanto,,,pencurian dengan pemberatan ,,8 ( delapan) bulan penjara, pencurian dengan pemberatan  ;,6 ( enam ) bulan ;,22 april 2015," pudji widodo, sh.,mh, ,","sabarulina br ginting, sh.,mh","pandu budiono, sh.,mh,","suharni, sh,","bertha.w, sh,mh"
273/pid.b/2015/ pn.jkt.tim., luhut togatorop.,,,pencurian yang dilakukan dengan pemberatan melanggar pasal 363 ayat (1) ke-4 kuhp,pasal 363 ayat (1) ke-4 kuhp,2 (dua) tahun 6 (enam) bulan, pencurian dengan pemberatan  ;,1 (satu) tahun dan 6 (enam) bulan ;,28 april 2015,"barmen sinurat, sh. mh.","ramli rizal, sh.mh","sigit sutriono, sh.m.hum","fitri wahyuni a, sh.mh","evrin h. harahap, sh.mh"
359/pid.b/2015/pn.jkt.tim., ramot sinaga,,,percobaan pencurian,pasal 362 kuhp jo 53 kuhp,1 (satu) tahun,percobaan pencurian ;,6 (enam) bulan ;,25 mei 2015,"kami endang sriastining w, sh,","novrry tammy oroh, sh.mh.,","elpiter sianipar, sh.,","zuherma, sh.,","rosita melani, sh.m.h.,"
366/pid.b/2018/pn jkt.tim, sarmin;,,,pencurian dalam keadaan memberatkan,pasal 363 ayat (1) ke-5 kuhp,"5 (lima) bulan,",pencurian dalam keadaan memberatkan,5 (lima) bulan ;,4 mei 2018,"maslikan,s.h.","posma p. nainggolan, s.h.,m.h.","asban panjaitan, s.h.,m.h.","hj. tuti wildhani, s.h.","agus j. purnomo, s.h."
370/pid.b/2015/pn.jkt.tim, heri darmanto;, jemiardi; ,,pencurian dalam keadaan memberatkan,pasal 363 ayat 1 ke-4 kuhp,"10(sepuluh) bulan,", pencurian dalam keadaan memberatkan ;,: 10 (sepuluh) bulan ;,29 juni 2015," elpiter sianipar.sh.,",novrry tammy oroh.sh.mh,"endang sri astining w, sh.,", wijaksono,"eveline agusta, sh.mh."
450/pid.b/2015/pnjkt.tim, edi sahrul als edi ;,,,"pencurian , sebagaimana diatur dan diancam pidana dalam pasal 362 kuhp,",pasal 362 kuhp,1 (satu) tahun 6 (enam), pencurian ,1 (satu) tahun ;,23 juni 2015,"r.sabarudin ilyas,sh.mhum","abdul hutapea, sh,mh","ida marion , sh.mh"," m . r o z i , sh.mh.","desy fitria,sh.mh"
460/pid.b/2015/pnjkt.tim., guntoro.,,,"pencurian sebagaimana diatur dan diancam pidana dalam pasal 362 kuhp ,",pasal 362 kuhp,1 ( satu ) tahun dan 6 ( enam ) bulan,pencurian ;,1 (satu ) tahun ;,1 juni 2015,"abdul bari a rahim,s.h.m.h","hasiamah distiyawati, s.h.m.h","maurid sinaga, s.h.m.h","wahmuadi, s.h,","oleh desy fitria, s.h"
48/ pid.b/2015/pn. jkt.tim, jawari bin jamin,,,pencurian dengan pemberatan,pasal 363 ayat (1) ke-4 kuhp,1 (satu) tahun 6 (enam) bulan, pencurian dalam keadaan memberatkan ,1 (satu) tahun dan 2 (dua) bulan ;,23 februari 2015,"barmen sinurat, sh., mh.,","ramli rizal, sh.,mh.,","rukman hadi, sh.,msi..","slamet hidayat, sh.","eveline sianipar, sh,"
570/pid.b/2015/pn. jkt. tim, slamet als. alex.,,,"pencurian dalam keadaan memberatkan,",pasal 378 kuhp,2 (dua) tahun, penipuan  ;,: 1 (satu) tahun dan 10 (sepuluh) bulan ;
640/pid.b/2015/pnjkt.tim.,pencurian dengan pemberatan melanggar pasal 363 ayat (1) ke-3 kuhp,pasal 363 ayat (1) ke-3 kuhp,1(satu) tahun dan 6(enam) bulan,pencurian dengan pemberatan;,1(satu) tahun;,3 september 2015,"antonius simbolon, s.h., m.h.,","sarwedi, s.h., m.h.,","ramlan, s.h., m.hum.,","dewi resmiati, s.h.,","g.p. kosklara hutabarat, s.h., m.h.,"
648/pid.b/2015/pn. jkt. tim,"pencurian dengan kekerasan,",pasal 363 ayat (2) ke- 2 kuhp,3 (tiga) tahun,pencurian dengan kekerasan,2 (dua) tahun dan 6 (enam) bulan;-------------------------------------------------------------,11 agustus 2015,"sigit sutriono, sh. m.hum","barmen sinurat, sh","ramli rizal, sh. mh,","s. polnaya, sh,","oleh desy pasrawati, sh. mh"
731/pid.b/2015/pnjkt.tim., iyul yandi alias ijul;,,,pencurian dengan kekerasan,pasal 365 ayat (2) ke-1 dan ke-2 kuhp,"4(empat) tahun,",pencurian dengan kekerasan,3 (tiga} tahun dan 10 (sepuluh) bulan ;,31 agustus 2015,"antonius simbolon, s.h., m.h.,","sarwedi, s.h., m.h.,","ramlan, s.h., m.hum.,","dewi resmiati, s.h.,","magdalena manjorang, s.h.,"
745/pid.b/2015/pnjkt.tim., asep irfan rajai, diki purwanto,,pencurian dengan kekerasan,pasal 365 (2) ke-2 kuhp,2 (dua) tahun dan 6 (enam) bulan,pencurian dengan kekerasan ;,2 (dua) tahun dan 6 (enam) bulan;,27 agustus 2015,"h. rukman hadi, sh. msi.","tri hadi budisatrio, sh.","pm. silalahi, sh. mh,","martha asri kusuma, sh. mhum.","oleh aria budiseta, sh."
771/pid.b/2015/pn.jkt.tlm, pencurian dalam keadaan memberatkan.,
821/pid.b/2015/pn.jkt.tim.,"bersama-sama melakukan pencurian dengan pemberatan,",pasal 363 ayat (l) ke-4 kuhp,2 (dua) tahun,pencurian dalam keadaan memberatkan;,1 (satu) tahun 6 (enam) bulan;,12 oktober 2015,porman situmorang. s.h..m.h.,"bhaskara praba bharata, s.h","eris sudjarwanto, s.h.,m.h.",ina susilayantl s.h.,"wisnu andhika, s.h."
886/pid.b/2017/pn jkt.tim,pencurian dengan kekerasan,pasal 365 ayat (1) kuhp, harun bin rohimin,,,3 ( tiga) tahun, pencurian dengan kekerasan  ;,2 (dua) tahun ;,21 november 2017," nelson japasar marbun, s.h..,m.hum,","dr. syafrudin ainor rafiek, s.h.., m.h.,","barita sinaga, s.h.., m.h.","wahmuadi, sh","deka sari, sh"
888/pid.b/2017/pn.jkt.tim,"mengambil suatu barang yang sama sekali atau sebagian termasuk kepunyaan orang lain dengan maksud akan memiliki barang itu dengan melawan hak dilakukan pada waktu malam hari dalam sebuah rumah atau pekarangan tertutup yang ada rumahnya, sebagaimana diatur dan diancam pidana dalam pasal 363 ayat (1) ke-3 kuhp",pasal 363 ayat (1) ke-3 kuhp,1 (satu) tahun dan 6 (enam) bulan,pencurian dalam keadaan memberatkan;----------------------------------------------------------------------------,1 (satu) tahun dan 6 (enam) bulan;----------------------------------------------------,14 desember 2017,"wendra rais,sh","ida ayu puspa adi, sh","rr. endah haryuni, sh,","s. polnaya, sh,","oleh jekson marpaung, sh"
955/pid.b/2015/pn.jkt.tim.,,pasal 365 ayat (2) ke-2 kuhp jo pasal 65 ayat (1) kuhp,"2 ( dua ) tahun,",pencurian dengan kekerasan dalam keadaan memberatkan yang dilakukan beberapa kali dipandang sebagai perbuatan berlanjut;,1 (satu) tahun dan 6 (enam) bulan;,02 nopember 2012," eris sudjarwanto .sh.mh,","porman situmorang, sh.mh ,","bhaskara praba bharata, sh","slamet hidayat. sh,","asry retno purwaningsih .sh,"
1001/pid.b/2015/pnjkt.tim.,"pencurian,",pasal 363 ayat (1) ke-4 kuhp,1 (satu) tahun 3 (tiga) bulan,pencurian dengan pemberatan;,1 (satu) tahun;,20 oktober 2015,"porman situmorang, s.h.,m.h.","bhaskara praba bharata, s.h","eris sudjarwanto, s.h.,m.h.","ina susilayanty, s.h.","dessy pasrawati, s.h.,m.h."
101/pid.b/2015/pnjak.tim., eko hartanto alias jawir ;,,,a,pasal 365 ayaat (2) ke - 2 kuhp,2 (dua) tahun,: pencurian dengan kekerasan ;,: 1 (satu) tahun dan 6 (enam) bulan ;,23 pebruari 2015,"satriyo budiyono,sh,m.hum.,","bontor aroean,sh.,mh","dwi purwadi,sh.mh.,","lely suciati,sh","asry r. purwaningsih,sh"
1033/pid.b/2015/pnjkt.tim., kasmuri.,,,pencurian dengan pemberatan,pasal 363 ayat (1) ke-3 dan ke-5 kuhp,"1 (satu) tahun dan 6 (enam) bulan ,",pencurian dalam keadaan memberatkan ;,1 (satu) tahun ;,03 nopember 2012," eris sudjarwanto. s.h., m.h,","porman situmorang.s.h.,m.h,",bhaskara praba bharata.s.h,ina susilayanti. s.h.,".m.ikhsan. sh,"
1045/pid.b/2017/pn.jkt.tim, andri priantono bin tarsono,,,pencurian sebagaimana diatur dan diancam pidana dalam pasal 362 kuhp,pasal 362 kuhp,1 (satu) tahun dan 8 (delapan) bulan,pencurian;,1 (satu) tahun dan 3 (tiga) bulan;,05 desember 2017,"t.m. limbong, s.h.","tirolan nainggolan, sh.mh.,","khadwanto, sh.,","tarmudi, s.h. selaku","oleh, frengki wibowo, sh.,mh.,"
1064/pid.b/2015/pn.jkt.tim, suherman alias ahmad maulana alias maco,,,pencurian melanggar pasal 362 kuhp;,pasal 362 kuhp,: 1 (satu) tahun dan 6 (enam) bulan, pencurian ;----------------------------,1 (satu) tahun ;---------------------------------------------------------------------------------------,19 november 2015,"kami, maurid sinaga, sh.mhum.","h. abdul bari a. rahim, sh.mh.,","nelson japasar marbun,sh.mhum.",hj.purwati hazimah.sh.,"wisnu andhika,sh.mh."
1107/pid.b/2015/pn.jkt.tim., efri purwanto,,,pencurian dengan pemberatan,pasal 363 ayat (1)ke-4 kuhp,1 (satu) tahun 6 (enam) bulan,pencurian dalam keadaan memberatkan ;,1 (satu) tahun dan 6 (enam) bulan;,10 desember 2012," bhaskara p. bharata, s.h.,","porman situmorang, s.h., m.h.","eris sudjarwanto, s.h., m.h.,","achmad nurjaman, s.h., m.h.,","aria budi seta, s.h."
1112/pid.b/2014/pn.jkt.tim., apip ali budianto alias apin alias alvin ;,,,pencurian,pasal 362 kuhp,1 (satu ) tahun dan 6 (enam) bulan,pencurian ,1 ( satu) tahun dan 2 (dua ) bulan ;,7 januari 2015," barmen sinurat,sh.mh,",ramli rizal.sh.mh.,"rukman hadi.sh.msi ,",suminarmi.sh.,swartin polembi.sh.mh
1134/pid.b/2015/pnjkt.tim., suni alamsah bin melinting.,,,pencurian yang dilakukan secara bersama-sama perbarengan beberapa perbuatan yang dipandang sebagai perbuatan yang merupakan keejahatan  melanggar pasal 363 ayat (1) ke-4 kuhp jo pasal 65 ayat (1) kuhp;,pasal 363 ayat (1) ke-4 kuhp jo pasal 65 ayat (1) kuhp,"3 (tiga) tahun dan 6 (enam) bulan ,", pencurian dalam keadaan memberatkan ;,3 (tiga) tahun dan 6 (enam) bulan ;,08 desember 2015,"kami eris sudjarwanto, s.h., m.h,","porman situmorang, s.h., m.h.","bhaskara praba bharata, s.h.,","achmad nurjaman, s.h., m.h.,","supriyanto, s.h.,"
1136/pid.b/2017/pn.jkt.tim,"pencurian dengan pemberatan sebagaimana dimaksud dalam pasal 363 ayat (1) ke-3, ke- 4 dan ke- 5 kuhp,","pasal 363 ayat (1) ke-3, ke- 4 dan ke- 5 kuhp",2 (dua) tahun dan 6 (enam) bulan,pencurian dalam keadaan memberatkan,2 (dua) tahun;-------------------------------------------------------------------------------
1137/pid.b/2015/ pnjkt.tim.,    indra chandra setiawan bin samsul bahri,,,"pencurian dalam keadaan memberatkan,","pasal 363 ayat (1) dan ayat (2) ke 4,5 jo pasal 64 ayat (1) kuhp",2 (dua) tahun, pencurian dalam keadaan memberatkan  ;,1 (satu) tahun dan 2 ( dua ) bulan ;
1138/pid.b/2014/pn.jkt.tim.,, pencurian dengan kekerasan ,"pasal 365 ayat (1), (2), ke - 2 e kuhp",2 (dau) tahun,: pencurian dengan kekerasan ;,: 1 (satu) tahun dan 10 (sepuluh) bulan ;,27 januari 2015,"satriyo budiyono,sh,m.hum.,","ida marion,sh.,mh.,","sabarulina boru ginting,sh.mh.,","lely suciati,sh","aria budi seta,sh"
1167/pid.b/2015/ pn.jkt.tim,pencurian dengan pemberatan dalam dakwaan,pasal 363 ayat (1) ke-4 & ke-5 kuhp jo. pasal 65 ayat (1) kuhp, rendi alias buyung,,,"4 (empat) tahun,",pencurian dengan pemberatan’’;,3 (tiga) tahun;
1169/pid.b/2015/pn. jkt. tim, abdulloh hakim alias hakim,,,pencurian dengan pemberatan dalam dakwaan,pasal 363 ayat (1) ke-4 dan ke-5 kuhp jo pasal 65 ayat (1) kuhp,4 (empat) tahun,pencurian dalam keadaan memberatkan;-------------------------------------------------------------------,2 (dua) tahun;-----------------------------------------------------------------------
1245/pid.b/2015/ pnjkt.tim., krisna, ricky,,secara bersama-sama mengambil barang sesuatu yang seluruhnya atau sebagian kepunyaan orang lain dengan maksud untuk memiliki secara melawan hukum sebagaimana diatur dan diancam pidana dalam pasal 363 ayat (1) ke 4 kuhp,pasal 363 ayat (1) ke 4 kuhp,1 (satu) tahun
1248/pid.b/2015/pn.jkt.tim., darli bin darkim., h.ikin solihin bin. h.sukardi., usnan als kumed bin casmita.,pencurian dengan pemberatan,"pasal 363 ayat (1) ke-3, 4, 5 kuhp","5 (lima) tahun,", pencurian dalam keadaan memberatkan,4 (empat) tahun dan 6 (enam) bulan ;,14 januari 2016," eris sudjarwanto.s.h..m.h,","porman situmorang.s.h..m.h,",asban panjaitan.s.h..m.h,ina susilayanti. s.h.,".irene widyaningrum. s.h,"
1250/pid.b/2015/ pnjkt.tim., vifen irmandra jaya, supriyadi,, pencurian dalam pemberatan sebagaimana diatur dan diancam pidana dalam pasal 363 ayat (1) ke 4 kuhp,pasal 363 ayat (1) ke 4 kuhp,1 (satu) tahun 6 (enam) bulan penjara, pencurian dalam keadaan memberatkan  ;,1 (satu) tahun dan 2 ( dua ) bulan ;
1271/pid.b/2013/ pn jkt.tim,pencurian dengan pemberatan,pasal 363 ayat 1 ke-3 dan ke-5 kuhp,1 (satu) 6 (enam) bulan penjara, gunung sugeng sujayanto bin sumitro; ,,,pencurian dengan pemberatan;,1 (satu) tahun ;,12 januari 2015," ramly rizal,s.h.,m.h","serta barmen sinurat,s.h.,","rukman hadi, s.h.m.si","ina susilayanti, s.h.,","b. tanti hoesodo,s.h."
1290/pid.b/2015/pn.jkt.tim.,pencurian dalam keadaan memberatkan,pasal 363 ayat 1 ke-3 dan 5 kuhp,1 (satu) tahun 6 (enam) bulan,pencurian dalam keadaan memberatkan,1 (satu) tahun 3 (tiga) bulan;,6 januari 2016," elpiter sianipar, s.h.,","novrry tammy oroh, s.h., m.h.,","endang sriastining w, s.h.,","wijatmoko, s.h.,","tri hariyatun, sh.,"
12/pid.b/2015/pnjkt.tim., agus gustiawan, ressen marulitua alias botel,, pencurian dengan kekerasan yang dilakukan secara bersama-sama ,pasal 365 ayat (1) dan ayat (2) ke-1 dan ke-2 kuhp,3 (tiga) tahun,pencurian dengan kekerasan yang dilakukan secara bersama-sama,3 (tiga) tahun ;,04 maret 2015,"kami rukman hadi, s.h.,m.si.,","barmen sinurat, s.h.,m.h.,","ramli rizal, s.h.,m.h.,","slamet hidayat, s.h.,","oleh trees juniarti, s.h.,"
1349/pid.b/2014/pn.jkt.tim, nasehatul khasanah als mima ;,,,pencurian dengan pemberatan dalam dakwaan,,5(lima) tahun, pencurian dalam keadaan memberatkan  ;,3 (tiga) tahun ;
161/pid.b/2015/pnjkt.tim, eko nur prianto.,,,pencurian dengan pemberatan,pasal 363 (1) ke 4 kuhp,2 (dua) tahun,pencurian dalam keadaan memberatkan ;,1 (satu) tahun 8 (delapan) bulan ;,24 maret 2015,"h. abdul bari a.rahim, h.mh.","hasiamah distiyawati, sh.mh.","maurid sinaga, sh.mh.",hj.purwati hazimah.sh.,"dessy pasrawati, sh.mh."
181/pid.b/2016/pnjkt.tim., trisna gom gom nababan;,,,pencurian dengan pemberatan yang dilakukan lebih dari dua orang,pasal 363 ayat (1) ke-4 kuhp,1(satu) tahun 6(enam) bulan,pencurian dengan pemberatan,1 (satu) tahun 2 (dua) bulan ;,14 maret 2016,"antonius simbolon, sh., mh.,","ramlan, sh., mh.,","sarwedi, sh., mh.,","irsyaf lubis, sh.,","lince gultom, sh., mh.,"
222/pid.b/2016/pn.jkt.tim., kusnadi alias engkus alias adi bin maman; , didi supriyadi;,,pencurian dengan pemberatan dalam dakwaan,pasal 363 ayat (1) ke-4 & ke-5 kuhp,5 (lima) tahun,pencurian dengan pemberatan ;,4 empat) tahun ;,13 april 2016,"novrry tam my oroh, s.h., m.h.,","endang sriastining w, s.h.,","elpiter sianipar, s.h.,","wijatmoko, s.h.,","lina hendraswari, s.h.,"
227/pid.b/2016/pn. jkt.tim, luba bulfikar als luba bin salman lafarizi,,,percobaan pencurian dengan pemberatan ;,,2 (dua) tahun,percobaan pencurian dalam keadaan memberatkan ;,1 (satu) tahun 3 (tiga) bulan ;,07 april 2016,"porman situmorang, s.h.,m.h.","eris sudjarwanto, s.h.,m.h.","gede ariawan, s.h.,m.h","ina susilayanti, s.h.","jekson marpaung, s .h."
231/pid.b/2015/pn.jkt.tim, haryanto,,,pencurian dengan pemberatan ,,8 ( delapan) bulan penjara, pencurian dengan pemberatan  ;,6 ( enam ) bulan ;,22 april 2015," pudji widodo, sh.,mh, ,","sabarulina br ginting, sh.,mh","pandu budiono, sh.,mh,","suharni, sh,","bertha.w, sh,mh"
273/pid.b/2015/ pn.jkt.tim., luhut togatorop.,,,pencurian yang dilakukan dengan pemberatan melanggar pasal 363 ayat (1) ke-4 kuhp,pasal 363 ayat (1) ke-4 kuhp,2 (dua) tahun 6 (enam) bulan, pencurian dengan pemberatan  ;,1 (satu) tahun dan 6 (enam) bulan ;,28 april 2015,"barmen sinurat, sh. mh.","ramli rizal, sh.mh","sigit sutriono, sh.m.hum","fitri wahyuni a, sh.mh","evrin h. harahap, sh.mh"
359/pid.b/2015/pn.jkt.tim., ramot sinaga,,,percobaan pencurian,pasal 362 kuhp jo 53 kuhp,1 (satu) tahun,percobaan pencurian ;,6 (enam) bulan ;,25 mei 2015,"kami endang sriastining w, sh,","novrry tammy oroh, sh.mh.,","elpiter sianipar, sh.,","zuherma, sh.,","rosita melani, sh.m.h.,"
366/pid.b/2018/pn jkt.tim, sarmin;,,,pencurian dalam keadaan memberatkan,pasal 363 ayat (1) ke-5 kuhp,"5 (lima) bulan,",pencurian dalam keadaan memberatkan,5 (lima) bulan ;,4 mei 2018,"maslikan,s.h.","posma p. nainggolan, s.h.,m.h.","asban panjaitan, s.h.,m.h.","hj. tuti wildhani, s.h.","agus j. purnomo, s.h."
370/pid.b/2015/pn.jkt.tim, heri darmanto;, jemiardi; ,,pencurian dalam keadaan memberatkan,pasal 363 ayat 1 ke-4 kuhp,"10(sepuluh) bulan,", pencurian dalam keadaan memberatkan ;,: 10 (sepuluh) bulan ;,29 juni 2015," elpiter sianipar.sh.,",novrry tammy oroh.sh.mh,"endang sri astining w, sh.,", wijaksono,"eveline agusta, sh.mh."
450/pid.b/2015/pnjkt.tim, edi sahrul als edi ;,,,"pencurian , sebagaimana diatur dan diancam pidana dalam pasal 362 kuhp,",pasal 362 kuhp,1 (satu) tahun 6 (enam), pencurian ,1 (satu) tahun ;,23 juni 2015,"r.sabarudin ilyas,sh.mhum","abdul hutapea, sh,mh","ida marion , sh.mh"," m . r o z i , sh.mh.","desy fitria,sh.mh"
460/pid.b/2015/pnjkt.tim., guntoro.,,,"pencurian sebagaimana diatur dan diancam pidana dalam pasal 362 kuhp ,",pasal 362 kuhp,1 ( satu ) tahun dan 6 ( enam ) bulan,pencurian ;,1 (satu ) tahun ;,1 juni 2015,"abdul bari a rahim,s.h.m.h","hasiamah distiyawati, s.h.m.h","maurid sinaga, s.h.m.h","wahmuadi, s.h,","oleh desy fitria, s.h"
48/ pid.b/2015/pn. jkt.tim, jawari bin jamin,,,pencurian dengan pemberatan,pasal 363 ayat (1) ke-4 kuhp,1 (satu) tahun 6 (enam) bulan, pencurian dalam keadaan memberatkan ,1 (satu) tahun dan 2 (dua) bulan ;,23 februari 2015,"barmen sinurat, sh., mh.,","ramli rizal, sh.,mh.,","rukman hadi, sh.,msi..","slamet hidayat, sh.","eveline sianipar, sh,"
570/pid.b/2015/pn. jkt. tim, slamet als. alex.,,,"pencurian dalam keadaan memberatkan,",pasal 378 kuhp,2 (dua) tahun, penipuan  ;,: 1 (satu) tahun dan 10 (sepuluh) bulan ;
640/pid.b/2015/pnjkt.tim.,pencurian dengan pemberatan melanggar pasal 363 ayat (1) ke-3 kuhp,pasal 363 ayat (1) ke-3 kuhp,1(satu) tahun dan 6(enam) bulan,pencurian dengan pemberatan;,1(satu) tahun;,3 september 2015,"antonius simbolon, s.h., m.h.,","sarwedi, s.h., m.h.,","ramlan, s.h., m.hum.,","dewi resmiati, s.h.,","g.p. kosklara hutabarat, s.h., m.h.,"
648/pid.b/2015/pn. jkt. tim,"pencurian dengan kekerasan,",pasal 363 ayat (2) ke- 2 kuhp,3 (tiga) tahun,pencurian dengan kekerasan,2 (dua) tahun dan 6 (enam) bulan;-------------------------------------------------------------,11 agustus 2015,"sigit sutriono, sh. m.hum","barmen sinurat, sh","ramli rizal, sh. mh,","s. polnaya, sh,","oleh desy pasrawati, sh. mh"
731/pid.b/2015/pnjkt.tim., iyul yandi alias ijul;,,,pencurian dengan kekerasan,pasal 365 ayat (2) ke-1 dan ke-2 kuhp,"4(empat) tahun,",pencurian dengan kekerasan,3 (tiga} tahun dan 10 (sepuluh) bulan ;,31 agustus 2015,"antonius simbolon, s.h., m.h.,","sarwedi, s.h., m.h.,","ramlan, s.h., m.hum.,","dewi resmiati, s.h.,","magdalena manjorang, s.h.,"
745/pid.b/2015/pnjkt.tim., asep irfan rajai, diki purwanto,,pencurian dengan kekerasan,pasal 365 (2) ke-2 kuhp,2 (dua) tahun dan 6 (enam) bulan,pencurian dengan kekerasan ;,2 (dua) tahun dan 6 (enam) bulan;,27 agustus 2015,"h. rukman hadi, sh. msi.","tri hadi budisatrio, sh.","pm. silalahi, sh. mh,","martha asri kusuma, sh. mhum.","oleh aria budiseta, sh."
771/pid.b/2015/pn.jkt.tlm, pencurian dalam keadaan memberatkan.,
821/pid.b/2015/pn.jkt.tim.,"bersama-sama melakukan pencurian dengan pemberatan,",pasal 363 ayat (l) ke-4 kuhp,2 (dua) tahun,pencurian dalam keadaan memberatkan;,1 (satu) tahun 6 (enam) bulan;,12 oktober 2015,porman situmorang. s.h..m.h.,"bhaskara praba bharata, s.h","eris sudjarwanto, s.h.,m.h.",ina susilayantl s.h.,"wisnu andhika, s.h."
886/pid.b/2017/pn jkt.tim,pencurian dengan kekerasan,pasal 365 ayat (1) kuhp, harun bin rohimin,,,3 ( tiga) tahun, pencurian dengan kekerasan  ;,2 (dua) tahun ;,21 november 2017," nelson japasar marbun, s.h..,m.hum,","dr. syafrudin ainor rafiek, s.h.., m.h.,","barita sinaga, s.h.., m.h.","wahmuadi, sh","deka sari, sh"
888/pid.b/2017/pn.jkt.tim,"mengambil suatu barang yang sama sekali atau sebagian termasuk kepunyaan orang lain dengan maksud akan memiliki barang itu dengan melawan hak dilakukan pada waktu malam hari dalam sebuah rumah atau pekarangan tertutup yang ada rumahnya, sebagaimana diatur dan diancam pidana dalam pasal 363 ayat (1) ke-3 kuhp",pasal 363 ayat (1) ke-3 kuhp,1 (satu) tahun dan 6 (enam) bulan,pencurian dalam keadaan memberatkan;----------------------------------------------------------------------------,1 (satu) tahun dan 6 (enam) bulan;----------------------------------------------------,14 desember 2017,"wendra rais,sh","ida ayu puspa adi, sh","rr. endah haryuni, sh,","s. polnaya, sh,","oleh jekson marpaung, sh"
955/pid.b/2015/pn.jkt.tim.,,pasal 365 ayat (2) ke-2 kuhp jo pasal 65 ayat (1) kuhp,"2 ( dua ) tahun,",pencurian dengan kekerasan dalam keadaan memberatkan yang dilakukan beberapa kali dipandang sebagai perbuatan berlanjut;,1 (satu) tahun dan 6 (enam) bulan;,02 nopember 2012," eris sudjarwanto .sh.mh,","porman situmorang, sh.mh ,","bhaskara praba bharata, sh","slamet hidayat. sh,","asry retno purwaningsih .sh,"
